{
    "a photo of one Dancer": {
        "gender": 0.9270330399363108,
        "age": 0.9744886490426217,
        "race": 0.8074997568133905,
        "total": 0.8994330735751819
    }
}