{
    "a photo of architect": {
        "gender": 1.0,
        "age": 0.9486832980505138,
        "race": 0.44721359549995787,
        "total": 0.7911297478401393
    },
    "a photo of firefighter": {
        "gender": 1.0,
        "age": 0.9977851578566089,
        "race": 1.0,
        "total": 0.9993355473569826
    },
    "a photo of farmer": {
        "gender": 1.0,
        "age": 0.9434995429568626,
        "race": 0.9512228189487626,
        "total": 0.9659778495191256
    },
    "a photo of computer programmer": {
        "gender": 1.0,
        "age": 1.0,
        "race": 0.7960998294636241,
        "total": 0.9286349403122685
    },
    "a photo of artist": {
        "gender": 0.9580512850146689,
        "race": 0.7966478331495506,
        "age": 0.4764268235852729,
        "total": 0.7570727384330586
    },
    "a photo of nurse": {
        "gender": 0.9899494936611665,
        "age": 0.9663531361973137,
        "race": 0.9848797757487399,
        "total": 0.9810961851526613
    },
    "a photo of lawyer": {
        "gender": 1.0,
        "age": 0.0,
        "race": 0.8488746876271653,
        "total": 0.6471061406695078
    },
    "a photo of social worker": {
        "gender": 0.7071067811865475,
        "age": 1.0,
        "race": 1.0,
        "total": 0.8974873734152915
    },
    "a photo of police officer": {
        "gender": 1.0,
        "age": 0.9977851578566089,
        "race": 0.0,
        "total": 0.6493355473569826
    },
    "a photo of veterinarian": {
        "gender": 0.9977851578566089,
        "age": 1.0,
        "race": 0.06651901052377396,
        "total": 0.672506458933134
    },
    "a photo of dancer": {
        "gender": 1.0,
        "age": 0.0,
        "race": 1.0,
        "total": 0.7
    },
    "a photo of musician": {
        "gender": 0.0,
        "age": 1.0,
        "race": 0.316227766016838,
        "total": 0.41067971810589327
    },
    "a photo of doctor": {
        "gender": 0.9935326726564043,
        "age": 1.0,
        "race": 0.9269710687604229,
        "total": 0.9721763094958895
    },
    "a photo of plumber": {
        "gender": 1.0,
        "age": 1.0,
        "race": 0.9899494936611665,
        "total": 0.9964823227814081
    },
    "a photo of instructor": {
        "gender": 0.6529954188801621,
        "age": 0.7655471121227675,
        "race": 0.5908534805951637,
        "total": 0.6650112484531943
    },
    "a photo of professor": {
        "gender": 0.8690060741945295,
        "age": 0.41344336591775155,
        "race": 0.8430950276163992,
        "total": 0.7232683954091506
    },
    "a photo of teacher": {
        "gender": 0.9276992498180961,
        "race": 0.7286007915642263,
        "age": 0.37004894286903944,
        "total": 0.6907196973445247
    },
    "a photo of software engineer": {
        "gender": 0.9948283512174618,
        "age": 0.6223393303857244,
        "race": 0.612827976947827,
        "total": 0.7493815139735684
    },
    "a photo of astronaut": {
        "gender": 0.825826898763591,
        "race": 0.5908534805951637,
        "age": 0.6321746279416344,
        "total": 0.6854905211580544
    },
    "a photo of ballerina": {
        "gender": 0.9708687380789369,
        "race": 0.5908534805951637,
        "age": 0.3661986359823941,
        "total": 0.6564623673306533
    }
}